V1,V2,V3,V4,V5
Sixth Sense,LOTR1,Harry Potter1,Green Mile,LOTR2
Gladiator,Patriot,Braveheart,,
LOTR1,LOTR2,,,
Gladiator,Patriot,Sixth Sense,,
Gladiator,Patriot,Sixth Sense,,
Gladiator,Patriot,Sixth Sense,,
Harry Potter1,Harry Potter2,,,
Gladiator,Patriot,,,
Gladiator,Patriot,Sixth Sense,,
Sixth Sense,LOTR,Gladiator,Green Mile,
Black Panther,Endgame,Toy Story 4,SMSV,Ragnarok
Logan,Nosferatu,Baby Driver,Endgame,Ragnarok
Logan,Nosferatu,,,
Logan,Nosferatu,Baby Driver,,
Logan,Nosferatu,Black Panther,,
Toy Store 4,Psycho,,,
Logan,Nosferatu,Baby Driver,,
Black Panther,Nosferatu,,,
Black Panther,Endgame,Logan,SMSV,
Halloween,Psycho,King Kong,Alien,Us
Arachnophobia,Freaks,Phantom OTO,,
Psycho,Freaks,,,
SMSV,Us,Alien,,
Halloween,Alien,,,
Freaks,Halloween,Arachnophobia,,
Halloween,Phantom OTO,Arachnophobia,Us,
Arachnophobia,Us,Freaks,,
King Kong,King Kong,,,
Psycho,Halloween,Baby Driver,Logan,Nosferatu
Arachnophobia,Freaks,Alien,Us,PhantomOTO
